search,Available
aback,
abase,
abate,
abaya,
abbey,
abbot,
abets,
abhor,
abide,
abode,
abort,
about,
above,
abuse,
abuts,
abyss,
ached,
aches,
acids,
acing,
ackee,
acorn,
acres,
acrid,
acted,
actin,
actor,
acute,
adage,
adapt,
added,
adder,
addle,
adept,
adieu,
adios,
adits,
adman,
admin,
admit,
adobe,
adobo,
adopt,
adore,
adorn,
adult,
adzes,
aegis,
aeons,
aerie,
affix,
afire,
afoot,
afore,
after,
again,
agape,
agate,
agave,
agent,
aggro,
agile,
aging,
aglow,
agony,
agora,
agree,
ahead,
ahold,
aided,
aider,
aides,
ailed,
aimed,
aimer,
aioli,
aired,
aisle,
alarm,
album,
alder,
aleph,
alert,
algae,
algal,